,Accuracy,Chroma Accuracy,Chroma False Alarm Error,Chroma Miss Error,Chroma Precision,Chroma Recall,Chroma Substitution Error,Chroma Total Error,False Alarm Error,Miss Error,Precision,Recall,Substitution Error,Total Error
count,28.0,28.0,28.0,28.0,28.0,28.0,28.0,28.0,28.0,28.0,28.0,28.0,28.0,28.0
mean,0.23457295502,0.300990019518,1.29915735656,0.162814611325,0.380646751419,0.691894115209,0.145291273465,1.60726324136,1.29915735656,0.162814611325,0.310803903331,0.572218139184,0.26496724949,1.72693921738
std,0.0790837027726,0.0938970872469,0.815406255418,0.172365539318,0.166541037859,0.169534866388,0.0578140214311,0.722199506954,0.815406255418,0.172365539318,0.138573133526,0.164037199056,0.104870568202,0.721298002227
min,0.141944703226,0.172200377757,0.0079719477029,0.00469851213782,0.18132692885,0.231270472298,0.0402376886251,0.375604125681,0.0079719477029,0.00469851213782,0.161075252677,0.176460707187,0.0950474537361,0.454393486246
25%,0.177179712049,0.244662081404,0.737777473629,0.0222018361042,0.272010879507,0.631549589677,0.108077674049,1.07359901342,0.737777473629,0.0222018361042,0.237046780698,0.46390593186,0.194605084263,1.26251013925
50%,0.216220402786,0.262706072115,1.44486650083,0.108607222796,0.310686769003,0.724759345337,0.131794349185,1.56013122373,1.44486650083,0.108607222796,0.271483617804,0.611599154702,0.23972275936,1.70243733271
75%,0.252928806511,0.350783586323,1.83720338494,0.250593349984,0.42839150668,0.794783231447,0.180433590541,2.06412574263,1.83720338494,0.250593349984,0.332117103956,0.691256940703,0.324554039517,2.22764466985
max,0.475007068272,0.579919105645,3.27427534298,0.728491839077,0.856377293847,0.916640386839,0.288275862069,3.50045374473,3.27427534298,0.728491839077,0.751343525684,0.817280083529,0.52618704295,3.58687877008
