,Precision,Recall,Accuracy,Substitution Error,Miss Error,False Alarm Error,Total Error,Chroma Precision,Chroma Recall,Chroma Accuracy,Chroma Substitution Error,Chroma Miss Error,Chroma False Alarm Error,Chroma Total Error
count,28.0,28.0,28.0,28.0,28.0,28.0,28.0,28.0,28.0,28.0,28.0,28.0,28.0,28.0
mean,0.688171386266,0.666312588681,0.490293504827,0.0954646657542,0.238222745565,0.288485622349,0.622173033668,0.714474374379,0.690702346109,0.517419731509,0.0710749083261,0.238222745565,0.288485622349,0.59778327624
std,0.150625050267,0.164697629598,0.115449253634,0.0475479298069,0.17310620726,0.313038303261,0.248929812446,0.154994478043,0.166402681336,0.116138606838,0.0401991348067,0.17310620726,0.313038303261,0.247359914277
min,0.356561922366,0.334534151797,0.302292785541,0.0281910728269,0.000703329091031,0.00751700775498,0.195614722005,0.366517031951,0.340451542423,0.309293697866,0.0272259013981,0.000703329091031,0.00751700775498,0.195301487862
25%,0.575056339162,0.542099614583,0.409564778018,0.0628283252154,0.0963548197196,0.0722194351997,0.460792364399,0.59743606903,0.562208025802,0.432693291689,0.0389126705094,0.0963548197196,0.0722194351997,0.446696731604
50%,0.729510687402,0.715908866908,0.489168979807,0.0832064595456,0.189900448315,0.138561724013,0.594906452605,0.755585329974,0.739274391109,0.519721853787,0.0654452912176,0.189900448315,0.138561724013,0.571688630381
75%,0.799348847396,0.792932038164,0.570724318592,0.105572014702,0.347804904913,0.463901181211,0.731828161435,0.827660008016,0.816111299139,0.588141299346,0.0831531952989,0.347804904913,0.463901181211,0.702266324931
max,0.912175648703,0.914227342756,0.793288008101,0.215448673464,0.582765437237,1.08530400897,1.36449047136,0.924358364444,0.93743720276,0.793806974389,0.195323760209,0.582765437237,1.08530400897,1.34436555811
