,Accuracy,Chroma Accuracy,Chroma False Alarm Error,Chroma Miss Error,Chroma Precision,Chroma Recall,Chroma Substitution Error,Chroma Total Error,False Alarm Error,Miss Error,Precision,Recall,Substitution Error,Total Error
count,28.0,28.0,28.0,28.0,28.0,28.0,28.0,28.0,28.0,28.0,28.0,28.0,28.0,28.0
mean,0.297041022467,0.350568955177,0.509617777565,0.268142853934,0.518779273637,0.562401691287,0.169455454779,0.947216086278,0.509617777565,0.268142853934,0.458943749066,0.495028642541,0.236828503525,1.01458913502
std,0.114145111749,0.128112055197,0.505009206521,0.205326581932,0.162581823616,0.190007286007,0.0975334601347,0.466311513094,0.505009206521,0.205326581932,0.156693357626,0.180062601122,0.123034571043,0.47330514257
min,0.114513981358,0.136180733989,0.00219770990229,0.0145354678813,0.16339311682,0.142767154736,0.0364372469636,0.365886941788,0.00219770990229,0.0145354678813,0.140067862336,0.122266860774,0.0397909239229,0.445080000455
25%,0.211810353982,0.297512090137,0.174595728637,0.128984485132,0.428873474629,0.463485228199,0.109308647995,0.662243406045,0.174595728637,0.128984485132,0.346308104465,0.389914772169,0.155304486495,0.710778342671
50%,0.313663399219,0.359799667137,0.278075423455,0.222789219468,0.52168211796,0.564208018913,0.132845819218,0.832566035702,0.278075423455,0.222789219468,0.453341244401,0.492961274594,0.200223592467,0.879363341778
75%,0.355832870389,0.419789643094,0.817974663584,0.365064379847,0.642856860067,0.713040848975,0.219364240739,1.02171681986,0.817974663584,0.365064379847,0.585600647688,0.628084575583,0.309112063773,1.13809452173
max,0.501325144852,0.603369185422,1.82453424438,0.81462946891,0.809787663248,0.881840712707,0.478780761224,2.37468638232,1.82453424438,0.81462946891,0.718565384263,0.837999866033,0.542998985747,2.43890460684
